start_s,rms_dbfs,left_right_correlation,share_20_80_hz,share_80_250_hz,share_250_800_hz,share_800_2500_hz,share_2500_5000_hz,dbfs_20_80_hz,dbfs_80_250_hz,dbfs_250_800_hz,dbfs_800_2500_hz,dbfs_2500_5000_hz,top_peaks_hz
0,-53.42,0.438,0.2603,0.5404,0.1427,0.0432,0.0133,-61.48,-58.31,-64.09,-69.28,-74.39,96 168 179 176
5,-52.31,0.472,0.6745,0.1833,0.0563,0.0529,0.033,-59.62,-65.28,-70.4,-70.68,-72.72,110 144 93 135
10,-49.56,0.512,0.2462,0.5672,0.1313,0.0312,0.0241,-56.41,-52.79,-59.14,-65.38,-66.5,135 127 174 268
15,-54.28,0.718,0.4884,0.3895,0.0458,0.0523,0.024,-58.58,-59.56,-68.85,-68.27,-71.66,86 149 139 104
20,-62.02,0.711,0.6903,0.2538,0.0129,0.0323,0.0107,-69.07,-73.41,-86.35,-82.37,-87.17,96 105 118 82
25,-51.47,0.792,0.7978,0.1806,0.0208,0.0006,0.0002,-55.83,-62.28,-71.67,-87.18,-92.39,136 82 174 131
30,-39.19,0.787,0.985,0.0143,0.0006,0.0001,0.0,-41.05,-59.44,-72.91,-83.85,-88.68,127 98 81 108
35,-36.25,0.816,0.9743,0.0253,0.0003,0.0,0.0,-39.53,-55.37,-74.66,-86.19,-89.89,97 81 90 105
40,-38.14,0.827,0.9684,0.0311,0.0005,0.0,0.0,-39.96,-54.89,-72.99,-86.17,-90.8,97 82 86 110
45,-31.98,0.862,0.9862,0.0137,0.0001,0.0,0.0,-32.82,-51.4,-72.94,-81.94,-87.07,97 93 85 108
50,-31.92,0.891,0.9482,0.0515,0.0003,0.0,0.0,-32.4,-45.05,-67.25,-82.91,-89.57,94 89 83 113
55,-31.59,0.858,0.9274,0.0721,0.0005,0.0,0.0,-32.71,-43.8,-65.1,-81.11,-92.11,81 85 94 90
60,-34.44,0.846,0.9571,0.0424,0.0005,0.0,0.0,-35.61,-49.15,-68.66,-85.33,-97.6,98 94 87 85
65,-28.21,0.853,0.9721,0.0276,0.0003,0.0,0.0,-30.13,-45.6,-65.44,-79.74,-90.35,82 96 90 86
70,-30.06,0.831,0.9428,0.0567,0.0005,0.0,0.0,-31.58,-43.79,-64.51,-80.73,-95.58,93 82 106 97
75,-32.19,0.897,0.9277,0.0714,0.0009,0.0,0.0,-32.75,-43.88,-62.95,-77.88,-94.95,96 83 168 87
80,-32.74,0.881,0.9139,0.0853,0.0008,0.0,0.0,-33.4,-43.7,-64.07,-79.6,-92.0,83 96 92 110
85,-32.78,0.854,0.9037,0.0949,0.0013,0.0001,0.0,-33.8,-43.59,-62.08,-75.77,-89.3,96 81 118 85
90,-31.4,0.863,0.9172,0.081,0.0018,0.0001,0.0,-32.58,-43.12,-59.77,-73.7,-93.17,167 94 110 81
95,-28.49,0.813,0.9364,0.0618,0.0017,0.0001,0.0,-29.7,-41.5,-57.09,-70.15,-88.23,170 82 166 110
100,-23.63,0.849,0.966,0.0335,0.0005,0.0,0.0,-24.36,-38.96,-57.47,-71.47,-85.22,94 83 118 86
105,-25.7,0.787,0.9569,0.042,0.001,0.0001,0.0,-27.08,-40.65,-56.98,-68.08,-80.36,87 96 83 100
110,-30.56,0.805,0.8823,0.1122,0.0051,0.0003,0.0,-31.74,-40.7,-54.09,-65.77,-84.46,170 117 114 167
115,-29.96,0.801,0.9501,0.0484,0.0014,0.0001,0.0,-31.3,-44.23,-59.53,-73.8,-91.17,167 82 110 96
120,-27.85,0.763,0.9131,0.0849,0.0019,0.0001,0.0,-29.99,-40.31,-56.77,-69.56,-85.83,168 87 98 108
125,-30.34,0.824,0.8816,0.1143,0.0038,0.0003,0.0,-32.8,-41.67,-56.44,-67.78,-87.51,166 116 112 122
130,-24.47,0.851,0.9585,0.0405,0.0009,0.0001,0.0,-24.4,-38.14,-54.67,-65.67,-83.63,83 89 96 118
135,-28.83,0.824,0.9121,0.0838,0.0037,0.0003,0.0,-30.8,-41.17,-54.66,-65.32,-81.67,96 86 117 83
140,-33.29,0.847,0.8889,0.1059,0.0051,0.0002,0.0,-34.82,-44.06,-57.25,-72.32,-90.27,83 110 125 168
145,-33.74,0.859,0.9233,0.0754,0.0012,0.0,0.0,-34.57,-45.45,-63.28,-77.58,-95.9,92 110 98 89
150,-36.47,0.841,0.9568,0.0403,0.0025,0.0003,0.0,-37.62,-51.38,-63.42,-72.89,-82.69,112 98 87 96
155,-34.11,0.826,0.9528,0.045,0.0016,0.0006,0.0001,-35.95,-49.21,-63.76,-68.13,-77.17,83 100 96 109
160,-33.33,0.801,0.9632,0.0348,0.0017,0.0002,0.0,-34.35,-48.78,-61.77,-71.08,-81.1,127 110 139 83
165,-32.19,0.811,0.9759,0.0228,0.0011,0.0001,0.0,-33.45,-49.76,-62.83,-73.07,-88.46,86 122 81 110
170,-28.86,0.826,0.9705,0.0286,0.0008,0.0,0.0,-29.42,-44.73,-60.09,-72.3,-85.81,112 85 97 166
175,-34.22,0.85,0.9666,0.0316,0.0016,0.0001,0.0,-35.73,-50.58,-63.46,-75.54,-89.17,167 114 110 82
180,-33.85,0.842,0.9697,0.0289,0.0013,0.0,0.0,-35.06,-50.31,-63.87,-78.2,-93.85,167 112 106 96
185,-34.83,0.823,0.9595,0.0383,0.0021,0.0001,0.0,-36.23,-50.22,-62.89,-76.91,-92.65,96 166 83 110
190,-27.53,0.903,0.9502,0.0489,0.0008,0.0,0.0,-28.03,-40.92,-58.53,-72.11,-83.46,83 112 105 168
195,-30.15,0.863,0.9383,0.0608,0.0007,0.0001,0.0,-31.05,-42.93,-62.17,-69.03,-77.25,82 96 90 110
200,-39.32,0.907,0.9754,0.0233,0.0003,0.001,0.0,-40.29,-56.51,-75.68,-70.19,-86.64,90 82 85 98
205,-46.19,0.864,0.9596,0.0359,0.0026,0.0018,0.0001,-48.17,-62.44,-73.81,-75.43,-87.7,82 129 135 122
210,-31.61,0.864,0.9498,0.0498,0.0003,0.0,0.0,-32.4,-45.21,-66.87,-76.69,-85.24,86 97 109 93
215,-30.73,0.8,0.9129,0.0855,0.0015,0.0001,0.0,-32.38,-42.66,-60.14,-71.61,-89.07,93 168 87 110
220,-31.15,0.848,0.9078,0.0897,0.0024,0.0001,0.0,-31.84,-41.89,-57.62,-70.43,-90.82,168 166 116 129
225,-32.02,0.843,0.8372,0.1578,0.0047,0.0003,0.0,-33.51,-40.75,-55.98,-68.46,-89.61,168 112 117 129
230,-31.69,0.833,0.8536,0.1406,0.0055,0.0003,0.0,-32.95,-40.78,-54.83,-67.68,-85.61,168 114 110 106
235,-31.14,0.821,0.8497,0.1445,0.0055,0.0003,0.0,-32.32,-40.01,-54.2,-66.77,-88.25,168 112 117 172
240,-29.24,0.841,0.9129,0.0842,0.0027,0.0002,0.0,-30.03,-40.38,-55.38,-67.84,-87.19,167 112 117 106
245,-31.12,0.845,0.8416,0.1547,0.0035,0.0002,0.0,-32.2,-39.56,-55.97,-69.35,-89.88,168 116 81 175
250,-31.82,0.831,0.8346,0.1621,0.0031,0.0002,0.0,-33.07,-40.19,-57.32,-69.79,-90.77,168 108 112 117
255,-31.81,0.803,0.8108,0.1846,0.0044,0.0002,0.0,-33.19,-39.62,-55.89,-68.79,-89.11,168 117 112 131
260,-30.53,0.83,0.8209,0.1739,0.005,0.0002,0.0,-32.21,-38.95,-54.38,-67.59,-88.41,116 170 129 100
265,-28.23,0.827,0.9119,0.085,0.0029,0.0001,0.0,-28.93,-39.24,-53.89,-67.31,-85.66,168 110 117 128
270,-31.77,0.834,0.8362,0.1602,0.0034,0.0001,0.0,-32.94,-40.12,-56.79,-70.6,-91.81,170 167 109 174
275,-31.61,0.826,0.8676,0.1293,0.003,0.0002,0.0,-32.75,-41.02,-57.39,-70.33,-87.59,167 82 97 171
280,-32.98,0.876,0.897,0.101,0.0019,0.0001,0.0,-33.72,-43.21,-60.38,-74.94,-95.67,83 81 97 170
285,-32.27,0.886,0.9082,0.09,0.0017,0.0001,0.0,-33.1,-43.14,-60.26,-73.9,-81.65,82 97 114 166
290,-33.45,0.895,0.886,0.1127,0.0012,0.0,0.0,-34.21,-43.17,-62.72,-79.65,-97.4,97 81 89 110
295,-36.37,0.862,0.946,0.0531,0.0006,0.0002,0.0001,-37.46,-49.97,-69.12,-74.0,-77.57,83 81 97 89
300,-43.04,0.786,0.9566,0.0419,0.0014,0.0001,0.0,-44.59,-58.18,-73.1,-82.66,-94.37,81 85 110 96
305,-36.91,0.873,0.9833,0.0166,0.0002,0.0,0.0,-37.88,-55.61,-75.47,-89.3,-96.22,98 94 87 85
310,-29.33,0.874,0.9797,0.0199,0.0002,0.0001,0.0,-30.88,-47.79,-67.28,-69.34,-77.28,96 90 86 106
315,-29.27,0.877,0.953,0.0466,0.0004,0.0,0.0,-30.41,-43.51,-64.48,-79.5,-88.82,96 82 106 110
320,-31.68,0.888,0.9134,0.0857,0.0008,0.0001,0.0,-32.41,-42.69,-63.07,-71.34,-76.78,96 82 109 85
325,-30.88,0.841,0.9635,0.0361,0.0004,0.0,0.0,-31.7,-45.96,-65.3,-80.87,-87.85,82 94 106 110
330,-30.22,0.88,0.9598,0.0399,0.0003,0.0,0.0,-30.8,-44.62,-65.32,-81.49,-93.2,83 96 106 101
335,-30.96,0.818,0.9647,0.0344,0.0009,0.0,0.0,-32.28,-46.76,-62.43,-84.35,-94.97,82 98 86 105
340,-32.52,0.877,0.9523,0.0472,0.0005,0.0,0.0,-33.29,-46.34,-66.5,-84.18,-96.34,97 82 86 93
345,-32.48,0.879,0.9492,0.0504,0.0004,0.0,0.0,-33.13,-45.88,-67.04,-84.67,-97.22,82 97 109 106
350,-28.91,0.891,0.9679,0.0319,0.0002,0.0,0.0,-29.03,-43.85,-66.24,-82.22,-96.35,96 98 83 105
355,-30.4,0.876,0.9652,0.0342,0.0005,0.0,0.0,-31.03,-45.54,-63.55,-83.62,-93.09,83 86 96 105
360,-31.48,0.858,0.9581,0.0415,0.0004,0.0,0.0,-32.45,-46.08,-66.68,-84.34,-96.06,82 96 87 113
365,-29.63,0.881,0.9685,0.0313,0.0002,0.0,0.0,-30.17,-45.07,-67.21,-84.56,-96.03,83 96 87 106
370,-29.56,0.888,0.9442,0.0554,0.0004,0.0,0.0,-30.29,-42.6,-64.0,-80.41,-91.87,81 85 92 108
375,-31.19,0.869,0.9392,0.0604,0.0004,0.0,0.0,-32.3,-44.22,-65.96,-82.94,-96.78,96 82 87 104
380,-30.39,0.852,0.9528,0.0469,0.0003,0.0,0.0,-31.88,-44.96,-67.03,-83.13,-94.86,81 96 105 89
385,-30.94,0.892,0.9744,0.0254,0.0002,0.0,0.0,-31.4,-47.24,-69.45,-86.31,-97.47,83 96 86 92
390,-31.54,0.895,0.9768,0.0231,0.0001,0.0,0.0,-32.55,-48.82,-71.12,-86.28,-96.5,89 96 92 109
395,-28.4,0.902,0.9699,0.0298,0.0002,0.0,0.0,-28.88,-43.99,-65.48,-81.97,-93.81,81 96 83 109
400,-28.22,0.858,0.9426,0.057,0.0005,0.0,0.0,-29.18,-41.37,-62.26,-77.5,-93.01,96 93 90 85
405,-28.3,0.892,0.9564,0.043,0.0006,0.0,0.0,-28.54,-42.01,-60.66,-76.49,-94.58,96 110 92 86
410,-28.14,0.87,0.9592,0.0405,0.0003,0.0,0.0,-28.93,-42.67,-63.67,-80.48,-94.75,83 96 110 87
415,-30.63,0.871,0.9557,0.044,0.0003,0.0,0.0,-31.57,-44.94,-66.89,-80.68,-86.18,83 96 86 92
420,-32.96,0.842,0.9751,0.0247,0.0002,0.0,0.0,-33.79,-49.76,-71.3,-86.71,-94.78,81 93 85 97
425,-31.12,0.875,0.9283,0.0712,0.0005,0.0,0.0,-32.02,-43.17,-64.68,-80.13,-92.92,97 82 108 87
430,-32.79,0.859,0.9727,0.027,0.0002,0.0,0.0,-33.42,-48.98,-69.97,-76.65,-84.05,85 94 109 167
435,-32.35,0.867,0.9266,0.0726,0.0008,0.0,0.0,-33.08,-44.14,-63.88,-77.93,-88.61,96 87 82 108
440,-32.52,0.859,0.9168,0.0819,0.0012,0.0,0.0,-33.68,-44.17,-62.42,-76.63,-95.16,96 81 168 83
445,-29.9,0.828,0.967,0.0323,0.0007,0.0,0.0,-30.66,-45.42,-62.06,-75.69,-93.66,96 105 167 109
450,-26.6,0.81,0.9771,0.0224,0.0005,0.0,0.0,-26.9,-43.29,-59.97,-73.58,-86.69,82 96 110 167
455,-28.88,0.851,0.9645,0.0345,0.0009,0.0,0.0,-29.27,-43.74,-59.4,-73.23,-92.55,168 82 93 110
460,-28.59,0.811,0.954,0.0448,0.0011,0.0001,0.0,-29.07,-42.35,-58.39,-71.78,-91.31,83 93 96 171
465,-28.97,0.838,0.9462,0.0527,0.001,0.0001,0.0,-29.54,-42.09,-59.35,-68.4,-75.03,93 166 83 168
470,-31.31,0.857,0.9293,0.0699,0.0007,0.0002,0.0,-32.06,-43.3,-63.47,-69.7,-79.99,82 94 87 97
475,-23.79,0.845,0.9403,0.059,0.0007,0.0,0.0,-24.76,-36.78,-56.28,-68.96,-79.45,116 97 90 112
480,-27.77,0.877,0.9685,0.0304,0.001,0.0001,0.0,-28.06,-43.1,-58.01,-68.01,-78.42,116 166 113 109
485,-30.83,0.844,0.922,0.075,0.0029,0.0002,0.0,-32.3,-43.2,-57.32,-70.08,-89.01,164 116 110 168
490,-26.3,0.801,0.9717,0.0276,0.0007,0.0,0.0,-26.67,-42.13,-58.01,-70.93,-85.57,82 110 108 118
495,-29.2,0.856,0.9616,0.0373,0.0011,0.0,0.0,-29.85,-43.97,-59.36,-72.96,-89.84,94 82 110 114
500,-31.47,0.871,0.9267,0.0717,0.0015,0.0,0.0,-32.53,-43.65,-60.33,-76.58,-91.99,85 94 110 114
505,-28.5,0.893,0.9756,0.0242,0.0002,0.0,0.0,-29.22,-45.29,-65.34,-76.9,-84.16,85 82 94 110
510,-27.52,0.791,0.9574,0.0412,0.0012,0.0002,0.0,-29.76,-43.42,-58.86,-67.26,-76.19,85 82 124 110
515,-30.94,0.826,0.9616,0.0367,0.0016,0.0001,0.0,-31.98,-46.15,-59.81,-73.98,-86.88,82 116 112 93
520,-26.11,0.846,0.9574,0.0419,0.0007,0.0,0.0,-26.99,-40.58,-58.48,-70.21,-82.0,86 83 94 102
525,-28.13,0.821,0.9632,0.0357,0.001,0.0001,0.0,-29.02,-43.33,-58.69,-71.27,-82.2,83 98 94 118
530,-28.62,0.818,0.9665,0.0322,0.0012,0.0001,0.0,-29.49,-44.27,-58.45,-72.16,-89.75,113 83 170 167
535,-28.21,0.83,0.9611,0.0376,0.0012,0.0001,0.0,-28.9,-42.97,-57.82,-71.69,-83.65,114 170 83 167
540,-27.15,0.791,0.9577,0.041,0.0012,0.0,0.0,-28.67,-42.36,-57.53,-71.6,-90.7,110 96 114 83
545,-25.65,0.806,0.9461,0.0529,0.001,0.0,0.0,-26.99,-39.52,-56.69,-71.84,-86.35,117 110 81 94
550,-28.95,0.847,0.9519,0.047,0.001,0.0001,0.0,-30.34,-43.41,-60.03,-68.77,-76.76,85 82 166 92
555,-35.68,0.828,0.9694,0.0301,0.0004,0.0,0.0,-36.67,-51.74,-70.06,-79.88,-86.71,82 86 97 93
560,-33.26,0.826,0.9775,0.0223,0.0001,0.0,0.0,-34.59,-51.0,-72.8,-79.66,-82.92,81 96 85 87
565,-30.66,0.875,0.9549,0.0447,0.0004,0.0,0.0,-32.08,-45.38,-65.56,-80.25,-93.27,83 92 97 105
570,-30.07,0.823,0.9566,0.0423,0.001,0.0,0.0,-30.96,-44.5,-60.85,-74.1,-92.49,97 124 92 114
575,-33.91,0.843,0.8404,0.1557,0.0038,0.0002,0.0,-35.42,-42.74,-58.85,-72.13,-87.71,114 167 170 110
580,-32.62,0.849,0.8969,0.1003,0.0026,0.0001,0.0,-33.64,-43.15,-59.0,-72.51,-91.45,114 112 168 86
585,-32.63,0.85,0.9029,0.0944,0.0026,0.0001,0.0,-33.63,-43.44,-59.12,-73.84,-91.18,83 110 96 116
590,-33.12,0.882,0.9065,0.0925,0.001,0.0,0.0,-34.13,-44.05,-63.5,-78.62,-94.69,82 170 90 94
595,-27.88,0.837,0.9494,0.0502,0.0003,0.0,0.0,-29.86,-42.62,-64.26,-80.35,-91.38,83 105 90 116
600,-32.74,0.863,0.921,0.0777,0.0013,0.0,0.0,-33.6,-44.34,-62.21,-77.0,-94.46,97 86 90 106
605,-29.36,0.869,0.9595,0.04,0.0005,0.0,0.0,-30.08,-43.88,-62.8,-77.72,-89.73,96 83 98 90
610,-32.68,0.846,0.9374,0.0618,0.0005,0.0003,0.0,-33.1,-44.91,-65.71,-68.29,-79.17,83 97 93 112
615,-29.62,0.879,0.9839,0.0159,0.0001,0.0001,0.0,-30.14,-48.06,-68.64,-71.41,-86.15,83 129 94 122
620,-39.05,0.821,0.9733,0.0264,0.0002,0.0,0.0,-40.39,-56.05,-76.98,-86.59,-84.33,85 82 96 108
625,-40.04,0.817,0.9796,0.0199,0.0004,0.0001,0.0,-42.21,-59.14,-75.97,-84.8,-89.79,81 86 92 96
630,-36.62,0.83,0.9886,0.0106,0.0006,0.0001,0.0,-37.54,-57.23,-69.67,-77.47,-83.54,96 127 98 83
635,-55.14,0.545,0.4124,0.3865,0.0999,0.0489,0.0523,-60.65,-60.93,-66.81,-69.91,-69.62,85 144 135 140
640,-62.37,-0.135,0.1677,0.2084,0.2531,0.2248,0.1459,-72.75,-71.8,-70.96,-71.48,-73.35,620 930 934 98
645,-57.7,0.813,0.8308,0.1501,0.0159,0.0024,0.0008,-59.02,-66.45,-76.19,-84.49,-89.24,120 136 144 131
